id,price,brand,year,color,state,country,mileage
0,6300,toyota,2008,black,new jersey,usa,274117.0
1,2899,ford,2011,silver,tennessee,usa,190552.0
3,25000,ford,2014,blue,virginia,usa,64146.0
6,7300,chevrolet,2010,black,georgia,usa,149050.0
7,13350,gmc,2017,gray,california,usa,23525.0
9,5250,ford,2017,black,texas,usa,63418.0
10,10400,dodge,2009,orange,georgia,usa,107856.0
11,12920,gmc,2017,white,california,usa,39650.0
13,5430,chrysler,2017,gray,texas,usa,138650.0
14,20700,ford,2013,black,virginia,usa,100757.0
15,12710,gmc,2017,white,california,usa,25747.0
18,5210,ford,2017,white,texas,usa,35714.0
19,38100,ford,2013,gray,virginia,usa,54380.0
20,12520,gmc,2017,white,california,usa,30114.0
22,15000,chevrolet,2015,black,ohio,usa,61578.0
23,6180,ford,2017,blue,texas,usa,46010.0
24,20800,ford,2013,silver,virginia,usa,105510.0
25,11900,gmc,2017,silver,california,usa,28040.0
27,12000,buick,2014,brown,ohio,usa,31039.0
28,4190,ford,2017,white,texas,usa,44174.0
29,13000,ford,2008,white,tennessee,usa,93698.0
30,12710,gmc,2017,silver,california,usa,26364.0
31,18500,infiniti,2016,gray,new york,usa,71967.0
32,29800,chevrolet,1973,red,pennsylvania,usa,46226.0
33,5330,ford,2017,no_color,texas,usa,37792.0
34,13000,ford,2003,gray,virginia,usa,58817.0
35,11900,gmc,2017,black,california,usa,27965.0
36,16600,mercedes-benz,2016,white,new york,usa,110907.0
38,7320,ford,2017,gold,texas,usa,32366.0
39,7000,ford,2003,white,tennessee,usa,176567.0
40,12710,gmc,2017,white,california,usa,30049.0
41,16600,mercedes-benz,2016,white,new york,usa,97983.0
43,6330,ford,2017,red,texas,usa,38123.0
44,55000,ford,2017,black,pennsylvania,usa,15273.0
45,12520,gmc,2017,black,california,usa,28972.0
47,19000,chevrolet,2017,white,tennessee,usa,18414.0
48,5580,dodge,2017,gray,texas,usa,46829.0
49,54000,ford,2017,black,pennsylvania,usa,26241.0
50,12710,gmc,2017,red,california,usa,39886.0
52,27000,buick,2017,no_color,tennessee,usa,32107.0
53,7760,ford,2017,gray,texas,usa,44794.0
55,12920,gmc,2017,silver,california,usa,39165.0
57,18100,buick,2017,silver,florida,usa,46766.0
60,13490,gmc,2017,white,california,usa,27842.0
62,17800,chevrolet,2017,black,florida,usa,52435.0
63,6650,ford,2017,black,texas,usa,29942.0
65,12710,gmc,2017,silver,california,usa,32504.0
67,18600,chevrolet,2017,white,florida,usa,35200.0
68,4340,ford,2017,silver,texas,usa,25602.0
70,12780,gmc,2017,black,california,usa,31009.0
72,29400,bmw,2017,black,tennessee,usa,23765.0
73,4430,ford,2017,black,texas,usa,31792.0
75,12520,gmc,2017,red,california,usa,30636.0
77,26400,buick,2017,white,florida,usa,25434.0
78,4140,ford,2017,black,texas,usa,36732.0
80,12520,gmc,2017,black,california,usa,31992.0
82,18300,chevrolet,2017,black,florida,usa,28395.0
83,4640,ford,2017,blue,texas,usa,36139.0
84,24000,ford,2016,black,pennsylvania,usa,84413.0
85,13200,gmc,2017,white,california,usa,33457.0
87,14900,chevrolet,2017,silver,florida,usa,12783.0
88,4140,ford,2017,white,texas,usa,17617.0
89,11500,ford,2016,black,pennsylvania,usa,36855.0
90,9110,ford,2017,white,texas,usa,110316.0
91,7350,chrysler,2015,black,pennsylvania,usa,88227.0
92,24500,bmw,2017,gray,michigan,usa,17626.0
93,9300,ford,2017,white,texas,usa,120353.0
94,39800,dodge,2015,white,pennsylvania,usa,3641.0
95,53500,bmw,2017,blue,michigan,usa,29355.0
96,15110,ford,2017,black,texas,usa,39333.0
97,34000,ford,2015,white,pennsylvania,usa,42930.0
98,26502,chevrolet,2017,black,michigan,usa,24993.0
99,5990,ford,2017,black,texas,usa,44929.0
101,23605,cadillac,2017,gray,michigan,usa,35598.0
102,10780,ford,2017,white,texas,usa,40455.0
104,25201,cadillac,2017,no_color,michigan,usa,19011.0
105,7070,ford,2017,white,texas,usa,45191.0
107,18003,chevrolet,2017,no_color,michigan,usa,19117.0
108,8530,ford,2017,black,texas,usa,42104.0
110,24500,cadillac,2017,white,michigan,usa,32418.0
111,7000,ford,2017,white,texas,usa,29882.0
113,34002,chevrolet,2017,white,michigan,usa,31923.0
114,6980,ford,2017,gray,texas,usa,29168.0
116,20802,chevrolet,2017,turquoise,michigan,usa,33791.0
117,9200,ford,2017,black,texas,usa,21770.0
118,26500,chrysler,2017,gray,michigan,usa,18375.0
119,24802,chevrolet,2017,gray,michigan,usa,14158.0
120,7070,ford,2017,black,texas,usa,30318.0
121,28500,ford,2017,red,south carolina,usa,48086.0
122,47500,cadillac,2017,black,michigan,usa,26562.0
123,23500,ford,2017,black,south carolina,usa,57611.0
124,23505,chevrolet,2017,black,michigan,usa,47357.0
125,10940,ford,2017,white,texas,usa,84916.0
126,32100,ford,2017,gray,south carolina,usa,24521.0
128,6830,ford,2017,gold,texas,usa,35888.0
129,11900,dodge,2017,gray,south carolina,usa,59537.0
130,26414,chevrolet,2017,black,michigan,usa,55222.0
132,19405,chevrolet,2017,silver,michigan,usa,39687.0
134,25900,chrysler,2017,silver,south carolina,usa,32224.0
135,24005,chevrolet,2017,beige,michigan,usa,51293.0
137,19500,chrysler,2017,gray,arizona,usa,31311.0
138,32012,chevrolet,2017,white,michigan,usa,46091.0
139,6800,dodge,2016,black,michigan,usa,49033.0
141,0,dodge,2008,orange,utah,usa,177948.0
142,31802,chevrolet,2017,silver,michigan,usa,19845.0
144,0,dodge,2014,silver,utah,usa,123660.0
145,28402,chevrolet,2017,black,michigan,usa,31234.0
147,33300,cadillac,2015,gray,washington,usa,57932.0
149,6700,ford,2014,beige,pennsylvania,usa,204155.0
150,20000,chevrolet,2016,white,washington,usa,93493.0
152,19900,ford,2016,gray,south carolina,usa,86826.0
153,37000,chevrolet,2015,white,washington,usa,45787.0
155,22300,ford,2016,black,south carolina,usa,62774.0
156,31200,chevrolet,2011,gray,washington,usa,76326.0
158,22800,ford,2016,silver,south carolina,usa,72885.0
159,19002,cadillac,2016,white,michigan,usa,46467.0
161,18500,ford,2016,white,south carolina,usa,33514.0
162,39000,bmw,2016,blue,michigan,usa,39917.0
164,28800,ford,2016,white,south carolina,usa,77638.0
165,40000,bmw,2016,gray,michigan,usa,31727.0
167,21000,ford,2016,gray,south carolina,usa,24157.0
168,20105,buick,2016,beige,michigan,usa,51393.0
170,25800,ford,2014,brown,pennsylvania,usa,47055.0
171,39000,bmw,2016,black,michigan,usa,33110.0
173,14600,ford,2014,black,pennsylvania,usa,75785.0
174,24502,chevrolet,2016,black,michigan,usa,33624.0
175,15110,ford,2017,white,texas,usa,42289.0
176,7900,ford,2014,white,new york,usa,79422.0
177,27305,chevrolet,2016,blue,michigan,usa,28844.0
178,15290,ford,2017,white,texas,usa,66582.0
179,26500,ford,2015,silver,south carolina,usa,61436.0
180,25502,chevrolet,2016,silver,michigan,usa,58303.0
181,7320,ford,2017,white,texas,usa,55618.0
182,3800,chevrolet,2009,white,michigan,usa,261648.0
183,24502,chevrolet,2016,white,michigan,usa,33045.0
184,4140,ford,2017,white,texas,usa,40747.0
185,1400,dodge,2002,black,michigan,usa,185460.0
186,18402,cadillac,2016,gray,michigan,usa,26667.0
187,4160,ford,2017,white,texas,usa,37176.0
188,175,chrysler,2000,red,north carolina,usa,231240.0
189,24503,chevrolet,2016,brown,michigan,usa,18006.0
190,15840,ford,2017,white,texas,usa,72445.0
191,20500,ford,2014,black,south carolina,usa,123355.0
192,21003,chevrolet,2016,silver,michigan,usa,44116.0
193,4200,ford,2017,red,texas,usa,60219.0
194,17400,ford,2011,red,georgia,usa,135077.0
195,32001,chevrolet,2016,black,michigan,usa,32058.0
196,0,ford,2017,white,texas,usa,76858.0
197,15700,ford,2011,white,south carolina,usa,309564.0
198,31009,chevrolet,2016,white,michigan,usa,33928.0
199,3740,ford,2017,white,texas,usa,90618.0
200,5000,dodge,2001,white,georgia,usa,109360.0
201,31002,chevrolet,2016,white,michigan,usa,71809.0
202,3160,ford,2017,gray,texas,usa,31563.0
203,8600,dodge,2005,gray,south carolina,usa,219823.0
205,12990,ford,2017,white,texas,usa,126523.0
207,13200,buick,2017,black,texas,usa,60171.0
208,4410,ford,2017,white,texas,usa,209915.0
209,25,chrysler,2005,silver,massachusetts,usa,151815.0
211,7420,ford,2017,white,texas,usa,55854.0
212,13500,ford,2016,silver,arizona,usa,45757.0
214,3540,ford,2017,white,texas,usa,112893.0
215,17000,ford,2016,no_color,florida,usa,126802.0
217,4130,ford,2017,silver,texas,usa,34061.0
218,15700,ford,2015,white,arizona,usa,70251.0
220,4130,ford,2017,gray,texas,usa,42426.0
221,15500,dodge,2012,black,pennsylvania,usa,66452.0
223,4530,ford,2017,white,texas,usa,41455.0
224,15600,dodge,2011,black,pennsylvania,usa,35275.0
226,4100,ford,2017,gray,texas,usa,38815.0
227,18200,dodge,2011,white,pennsylvania,usa,162281.0
228,10200,chevrolet,2013,black,texas,usa,56479.0
229,4080,ford,2017,black,texas,usa,61027.0
230,5700,ford,2014,white,florida,usa,178703.0
231,10200,chevrolet,2014,white,texas,usa,173469.0
232,5000,ford,2017,white,texas,usa,37321.0
233,1700,ford,2014,white,florida,usa,112789.0
234,6200,bmw,2011,gray,texas,usa,80394.0
235,3650,ford,2016,white,texas,usa,68142.0
236,10500,dodge,2014,white,arizona,usa,74203.0
238,4610,dodge,2016,silver,texas,usa,87229.0
239,3450,ford,2012,white,florida,usa,90711.0
241,6810,ford,2016,silver,texas,usa,66781.0
242,2900,ford,2011,white,florida,usa,190994.0
244,4450,ford,2016,white,texas,usa,32486.0
245,5800,ford,2011,white,florida,usa,195908.0
247,4240,dodge,2016,white,texas,usa,83262.0
248,26500,ford,2008,white,pennsylvania,usa,62015.0
249,13700,chevrolet,2017,silver,georgia,usa,36421.0
250,8600,ford,2016,white,texas,usa,73321.0
251,8000,ford,2008,white,florida,usa,132379.0
252,14200,chevrolet,2017,silver,georgia,usa,28013.0
253,7040,ford,2016,silver,texas,usa,33291.0
254,4700,ford,2005,no_color,florida,usa,225236.0
255,30851,chevrolet,2016,red,georgia,usa,43176.0
256,4880,ford,2016,silver,texas,usa,36876.0
257,14500,dodge,2006,silver,pennsylvania,usa,111782.0
258,7600,chevrolet,2017,brown,nebraska,usa,110489.0
259,13270,ford,2016,white,texas,usa,84035.0
260,12800,ford,2012,gray,arizona,usa,131101.0
262,9280,ford,2016,white,texas,usa,101380.0
263,900,ford,2003,white,florida,usa,142027.0
264,7560,ford,2016,gray,texas,usa,111476.0
265,19500,ford,2011,white,pennsylvania,usa,76897.0
267,8020,ford,2016,white,texas,usa,31944.0
270,10480,ford,2016,gray,texas,usa,57289.0
273,7410,ford,2016,gray,texas,usa,21034.0
275,10300,chevrolet,2013,gray,washington,usa,167600.0
276,7570,ford,2016,white,texas,usa,37252.0
282,11760,ford,2017,white,texas,usa,30553.0
284,25,dodge,2007,dark blue,minnesota,usa,160528.0
285,0,ford,2000,black,oklahoma,usa,124969.0
287,8200,hyundai,2017,white,connecticut,usa,56690.0
288,3000,kia,2013,silver,missouri,usa,97142.0
290,0,mazda,2009,gray,indiana,usa,117541.0
292,13800,kia,2017,gray,north carolina,usa,86959.0
293,0,chevrolet,1998,gray,texas,usa,258631.0
294,725,ford,2017,gray,virginia,usa,67279.0
296,9800,hyundai,2017,red,connecticut,usa,35687.0
297,0,honda,2003,white,arkansas,usa,152608.0
300,1800,chevrolet,2011,black,arkansas,usa,47269.0
301,50,chevrolet,2008,blue,texas,usa,172102.0
302,720,ford,2006,no_color,florida,usa,26914.0
303,22800,ford,2017,red,michigan,usa,67217.0
304,2500,ford,2017,black,california,usa,78698.0
305,0,ford,2003,gold,kansas,usa,246065.0
306,9190,gmc,2017,black,virginia,usa,41961.0
309,0,chevrolet,2004,maroon,wyoming,usa,0.0
310,0,chevrolet,2003,gray,texas,usa,194673.0
311,7320,chevrolet,2008,silver,florida,usa,325611.0
312,22809,ford,2017,black,michigan,usa,50732.0
313,0,ford,1998,blue,california,usa,186855.0
314,0,ford,2013,black,minnesota,usa,94004.0
315,5520,gmc,2017,silver,virginia,usa,52904.0
318,0,chevrolet,2009,black,colorado,usa,117059.0
319,25,chevrolet,2010,white,colorado,usa,149189.0
320,2320,dodge,2007,red,florida,usa,112182.0
321,23702,ford,2017,black,michigan,usa,49024.0
322,0,ford,1994,green,california,usa,0.0
323,0,ford,1997,green,minnesota,usa,203297.0
324,5520,gmc,2017,silver,virginia,usa,35821.0
327,25,chevrolet,2011,white,colorado,usa,105244.0
328,2960,chrysler,2008,red,florida,usa,164048.0
329,24800,ford,2017,gray,michigan,usa,46955.0
330,0,ford,1996,green,california,usa,296860.0
331,0,ford,2006,red,illinois,usa,203158.0
332,6270,gmc,2017,black,virginia,usa,70443.0
333,1880,heartland,2012,white,pennsylvania,usa,1.0
335,225,chevrolet,2014,red,colorado,usa,87673.0
337,1420,chrysler,2007,gold,florida,usa,104405.0
338,27003,ford,2017,black,michigan,usa,57186.0
339,0,ford,2002,black,south carolina,usa,214800.0
340,350,ford,2004,gray,illinois,usa,236980.0
341,5600,gmc,2017,black,virginia,usa,59808.0
342,6680,heartland,2011,gray,pennsylvania,usa,1.0
344,0,chevrolet,2010,red,colorado,usa,137422.0
345,3920,ford,2015,white,georgia,usa,102700.0
346,23100,ford,2017,black,michigan,usa,53270.0
347,0,gmc,2004,gold,south carolina,usa,235348.0
348,5630,gmc,2017,black,virginia,usa,27195.0
349,0,heartland,2009,white,pennsylvania,usa,1.0
351,0,chevrolet,2008,gray,california,usa,159266.0
352,8850,ford,2015,black,georgia,usa,143818.0
353,18712,ford,2017,black,michigan,usa,67347.0
354,0,ford,2009,blue,tennessee,usa,180364.0
355,0,ford,2009,black,illinois,usa,184889.0
356,6300,gmc,2017,blue,virginia,usa,117400.0
357,2220,heartland,2010,white,pennsylvania,usa,1.0
359,25,chevrolet,2008,white,california,usa,130623.0
360,3440,ford,2015,white,georgia,usa,124542.0
361,50412,ford,2017,black,michigan,usa,47129.0
362,25,ford,1994,white,georgia,usa,206162.0
363,950,ford,2001,red,illinois,usa,229886.0
364,9270,gmc,2017,gray,virginia,usa,19490.0
367,2725,chevrolet,2004,black,south carolina,usa,308451.0
368,3790,ford,2015,gray,georgia,usa,100893.0
369,40514,ford,2017,white,michigan,usa,90304.0
370,0,ford,1997,green,wisconsin,usa,146912.0
371,0,ford,1998,white,illinois,usa,131367.0
372,9190,gmc,2017,gray,virginia,usa,31394.0
374,1000,acura,2008,gray,michigan,usa,118250.0
375,2925,bmw,2013,white,florida,usa,46060.0
376,3830,ford,2015,gold,georgia,usa,50593.0
377,43402,ford,2017,blue,michigan,usa,62387.0
378,1025,gmc,2009,black,michigan,usa,169634.0
379,17200,honda,2016,gray,new jersey,usa,72527.0
380,54680,harley-davidson,2016,black,virginia,usa,9502.0
381,6940,honda,2010,no_color,pennsylvania,usa,217290.0
383,25,chevrolet,2007,gray,virginia,usa,194903.0
384,10630,ford,2015,white,georgia,usa,82899.0
385,43009,ford,2017,white,michigan,usa,76418.0
386,25,gmc,2003,white,michigan,usa,138441.0
387,4600,ford,2006,brown,mississippi,usa,240740.0
388,4950,honda,2016,black,virginia,usa,71404.0
390,3900,acura,2009,black,texas,usa,179389.0
391,0,cadillac,2000,white,virginia,usa,105169.0
392,3830,ford,2015,silver,georgia,usa,82534.0
393,53500,ford,2017,white,michigan,usa,55732.0
394,25,ford,2010,gray,michigan,usa,198596.0
395,25,ford,1998,brown,arkansas,usa,300021.0
396,6240,honda,2015,silver,virginia,usa,83623.0
397,4150,jeep,2014,white,new york,usa,108895.0
398,25,jeep,1999,black,florida,usa,226972.0
400,0,buick,2006,blue,virginia,usa,137464.0
401,13500,bmw,2014,blue,new jersey,usa,33542.0
402,6490,ford,2015,black,georgia,usa,74754.0
403,51502,ford,2017,black,michigan,usa,27661.0
404,250,ford,2010,white,michigan,usa,115241.0
405,25,ford,1984,white,arkansas,usa,41577.0
406,8160,honda,2015,gray,virginia,usa,109027.0
407,7770,jeep,2014,gray,new york,usa,72732.0
408,200,jeep,2001,green,maryland,usa,126400.0
409,25,audi,2008,black,texas,usa,177422.0
410,0,chevrolet,1995,green,arizona,usa,274706.0
411,1825,bmw,2008,white,georgia,usa,77984.0
412,39800,bmw,2017,blue,california,usa,23177.0
413,9210,ford,2015,silver,georgia,usa,26911.0
415,125,ford,2014,silver,michigan,usa,56461.0
416,3960,honda,2015,white,virginia,usa,95128.0
417,5998,hyundai,2014,phantom black,new york,usa,122975.0
418,3700,honda,2014,blue,new york,usa,162824.0
419,0,kia,2008,silver,indiana,usa,148463.0
420,0,audi,2005,black,california,usa,181896.0
421,0,bmw,2000,gray,utah,usa,216657.0
422,5000,gmc,2012,black,utah,usa,140339.0
428,5690,nissan,2017,blue,new jersey,usa,42616.0
429,19500,audi,2017,blue,texas,usa,65833.0
430,450,chevrolet,2008,yellow,minnesota,usa,123515.0
431,20400,cadillac,2015,white,wisconsin,usa,36122.0
432,4320,chevrolet,2011,brown,florida,usa,88359.0
433,33001,ford,2017,gray,michigan,usa,35905.0
434,10000,ford,2017,red,arkansas,usa,35747.0
435,0,ford,2004,red,maryland,usa,167011.0
436,5790,gmc,2012,white,utah,usa,105020.0
440,13000,kia,2017,silver,new jersey,usa,71991.0
442,3040,nissan,2017,gray,new jersey,usa,36064.0
443,0,chevrolet,2008,yellow,illinois,usa,270080.0
444,36400,audi,2015,black,wisconsin,usa,47213.0
445,4480,ford,2011,black,florida,usa,116480.0
446,31003,ford,2017,red,michigan,usa,72084.0
447,75,ford,2001,gold,arkansas,usa,295780.0
448,8850,gmc,2011,white,utah,usa,148035.0
454,3160,nissan,2017,gray,new jersey,usa,34861.0
455,0,chevrolet,2006,silver,texas,usa,268040.0
456,3450,chrysler,2011,gold,florida,usa,114119.0
457,27102,ford,2017,red,michigan,usa,34165.0
459,5100,gmc,2011,white,utah,usa,144792.0
463,8000,hyundai,2015,red,pennsylvania,usa,88274.0
465,3140,nissan,2017,white,new jersey,usa,30142.0
466,25,chevrolet,2007,black,texas,usa,267834.0
467,15000,bmw,2014,silver,illinois,usa,44730.0
468,10440,chevrolet,2011,blue,florida,usa,92476.0
469,23911,ford,2017,black,michigan,usa,25698.0
470,25,ford,2010,gray,oklahoma,usa,155242.0
472,5380,gmc,2011,white,utah,usa,119215.0
476,30300,maserati,2017,black,florida,usa,37021.0
478,3140,nissan,2017,silver,new jersey,usa,34318.0
479,2300,chevrolet,2011,white,arkansas,usa,88287.0
480,4310,chevrolet,2011,black,florida,usa,105486.0
481,26012,ford,2017,black,michigan,usa,19850.0
482,75,ford,2014,silver,oklahoma,usa,116535.0
484,3330,gmc,2009,white,utah,usa,87448.0
488,29400,mercedes-benz,2017,blue,florida,usa,37561.0
490,475,peterbilt,2012,gold,florida,usa,902041.0
491,3210,nissan,2017,black,new jersey,usa,25255.0
492,25,chevrolet,2006,white,arkansas,usa,165327.0
493,4200,chevrolet,2006,white,wisconsin,usa,118009.0
494,8430,chevrolet,2011,black,florida,usa,114547.0
495,25503,ford,2017,black,michigan,usa,18647.0
496,0,ford,1996,red,oklahoma,usa,252588.0
498,3900,honda,2017,blue,virginia,usa,47970.0
502,84900,mercedes-benz,2017,silver,florida,usa,25302.0
503,10840,lexus,2017,black,california,usa,36596.0
504,100,peterbilt,2012,blue,florida,usa,0.0
505,11050,ram,2017,white,new jersey,usa,30421.0
506,0,chevrolet,2012,orange,oklahoma,usa,134938.0
507,1000,chevrolet,2005,gray,wisconsin,usa,135675.0
508,3570,dodge,2015,black,georgia,usa,17355.0
509,25001,ford,2017,gray,michigan,usa,27773.0
510,0,ford,2010,silver,oklahoma,usa,86841.0
511,5630,gmc,2017,black,virginia,usa,58366.0
514,0,lincoln,2005,green,minnesota,usa,89705.0
515,3820,nissan,2016,blue,california,usa,41654.0
516,0,peterbilt,2009,blue,florida,usa,982486.0
517,2900,nissan,2017,gray,new jersey,usa,31954.0
518,50,chevrolet,2008,blue,texas,usa,172102.0
519,5100,chevrolet,2004,gray,wisconsin,usa,173321.0
520,4700,dodge,2015,red,georgia,usa,93423.0
521,29502,ford,2017,red,michigan,usa,14053.0
522,0,ford,2008,red,oklahoma,usa,145483.0
523,6160,honda,2017,white,virginia,usa,25956.0
526,16000,mazda,2016,gray,florida,usa,47753.0
527,3810,kia,2016,black,california,usa,39408.0
528,1025,peterbilt,2010,color:,georgia,usa,1017936.0
529,3020,nissan,2017,white,new jersey,usa,33599.0
530,0,chevrolet,2003,gray,texas,usa,194673.0
531,2000,chevrolet,2003,red,wisconsin,usa,507985.0
532,3870,ford,2010,white,florida,usa,185983.0
533,24811,ford,2017,red,michigan,usa,28464.0
534,75,ford,2007,blue,oklahoma,usa,154989.0
535,5420,honda,2017,black,virginia,usa,16702.0
538,17900,mercedes-benz,2015,gray,florida,usa,49772.0
539,3800,nissan,2015,black,california,usa,83915.0
540,3160,nissan,2017,silver,new jersey,usa,40306.0
541,25,chevrolet,2010,white,colorado,usa,149189.0
542,1200,chevrolet,2001,red,wisconsin,usa,149543.0
543,6470,chevrolet,2010,yellow,florida,usa,69622.0
544,26400,ford,2017,red,michigan,usa,36295.0
545,0,gmc,1993,light blue,colorado,usa,0.0
547,6900,honda,2017,brown,minnesota,usa,44129.0
549,3460,hyundai,2012,white,mississippi,usa,142106.0
550,18000,mercedes-benz,2015,black,florida,usa,82411.0
551,3250,hyundai,2015,gray,california,usa,111612.0
552,3210,nissan,2017,gray,new jersey,usa,35251.0
553,13200,chevrolet,2017,black,pennsylvania,usa,50408.0
555,7200,chevrolet,2017,black,pennsylvania,usa,53273.0
557,11200,chevrolet,2017,white,pennsylvania,usa,85315.0
559,11900,chevrolet,2017,blue,pennsylvania,usa,76211.0
561,11200,chevrolet,2017,silver,pennsylvania,usa,79965.0
563,13200,chevrolet,2017,black,pennsylvania,usa,62739.0
565,12700,chevrolet,2017,black,pennsylvania,usa,58932.0
567,12700,chevrolet,2017,black,pennsylvania,usa,60733.0
571,14700,chevrolet,2016,white,pennsylvania,usa,34454.0
573,4500,chevrolet,2015,gray,pennsylvania,usa,83279.0
575,8000,chevrolet,2015,gray,pennsylvania,usa,107971.0
577,7700,chevrolet,2015,white,pennsylvania,usa,94150.0
579,7200,chevrolet,2015,white,pennsylvania,usa,80711.0
581,4500,chevrolet,2013,white,pennsylvania,usa,119981.0
583,1500,chevrolet,2013,black,pennsylvania,usa,66079.0
589,8000,chevrolet,2016,black,florida,usa,86541.0
591,36900,chevrolet,2015,black,florida,usa,29937.0
593,10950,chevrolet,2015,red,florida,usa,58504.0
595,16900,acura,2014,silver,florida,usa,63500.0
597,29700,bmw,2016,no_color,texas,usa,24293.0
599,13500,buick,2016,red,texas,usa,19655.0
615,33500,bmw,2017,blue,wisconsin,usa,22115.0
617,21500,buick,2017,red,wisconsin,usa,23765.0
621,21500,buick,2017,silver,wisconsin,usa,14907.0
623,14000,kia,2017,black,connecticut,usa,53424.0
624,29000,buick,2017,green,illinois,usa,17940.0
626,13300,kia,2017,no_color,connecticut,usa,37125.0
627,19700,bmw,2017,black,wisconsin,usa,61428.0
629,15500,kia,2017,red,connecticut,usa,37668.0
631,21500,kia,2017,gray,connecticut,usa,43761.0
633,17700,chevrolet,2017,blue,wisconsin,usa,35664.0
634,28000,chevrolet,2017,white,illinois,usa,12780.0
635,14000,chevrolet,2017,blue,wisconsin,usa,38458.0
636,21700,chevrolet,2017,silver,wisconsin,usa,34420.0
637,13500,chevrolet,2017,white,wisconsin,usa,46497.0
638,35500,chevrolet,2017,no_color,wisconsin,usa,21268.0
639,29500,chevrolet,2017,red,wisconsin,usa,31029.0
640,25300,chevrolet,2017,no_color,wisconsin,usa,40878.0
641,21500,chevrolet,2016,silver,new jersey,usa,20270.0
642,25900,chevrolet,2016,blue,wisconsin,usa,32984.0
643,35300,chevrolet,2016,black,wisconsin,usa,75506.0
644,13500,chevrolet,2016,red,wisconsin,usa,39951.0
645,62000,chevrolet,2016,white,illinois,usa,19403.0
646,46000,chevrolet,2016,black,illinois,usa,4445.0
647,9000,chevrolet,2016,gray,wisconsin,usa,67527.0
648,25900,chevrolet,2016,white,wisconsin,usa,33588.0
649,25800,chevrolet,2016,no_color,wisconsin,usa,10103.0
650,17000,chevrolet,2016,gray,wisconsin,usa,26474.0
651,12800,chevrolet,2016,white,wisconsin,usa,40253.0
652,47400,chevrolet,2016,red,wisconsin,usa,39624.0
653,24400,chevrolet,2016,gray,wisconsin,usa,48705.0
654,17100,chevrolet,2016,white,wisconsin,usa,19659.0
655,7400,chevrolet,2015,no_color,wisconsin,usa,91299.0
656,33100,chevrolet,2015,gold,wisconsin,usa,81614.0
662,11600,chevrolet,2017,black,california,usa,27498.0
663,28100,chevrolet,2017,silver,california,usa,31141.0
664,27700,chevrolet,2017,white,california,usa,20784.0
665,17700,chevrolet,2017,white,california,usa,52667.0
666,16600,chevrolet,2017,no_color,california,usa,26003.0
667,63200,chevrolet,2016,red,california,usa,4266.0
668,36800,chevrolet,2015,white,california,usa,32332.0
680,18300,chevrolet,2017,white,oregon,usa,114344.0
681,19000,chevrolet,2017,white,oregon,usa,111635.0
682,18500,chevrolet,2017,white,oregon,usa,103955.0
683,22500,chevrolet,2016,white,oregon,usa,66640.0
684,14500,chevrolet,2014,white,oregon,usa,122018.0
692,19700,chevrolet,2016,white,oklahoma,usa,27593.0
693,9400,chevrolet,2017,blue,oklahoma,usa,24009.0
694,23800,chevrolet,2017,white,oklahoma,usa,85697.0
696,17000,chevrolet,2015,white,oklahoma,usa,27927.0
697,14000,chevrolet,2014,red,florida,usa,135127.0
701,5100,chevrolet,2013,gray,pennsylvania,usa,96314.0
702,4100,chevrolet,2013,blue,pennsylvania,usa,89152.0
703,7200,chevrolet,2014,silver,texas,usa,114660.0
704,12800,chevrolet,2014,white,texas,usa,177322.0
707,3000,chevrolet,2013,gray,texas,usa,120667.0
708,22500,chevrolet,2017,red,indiana,usa,65344.0
710,16500,chevrolet,2017,black,oklahoma,usa,52322.0
711,33000,chevrolet,2017,black,missouri,usa,67620.0
712,31500,chevrolet,2017,black,missouri,usa,59965.0
713,34500,chevrolet,2017,silver,missouri,usa,28739.0
714,8000,chevrolet,2016,silver,west virginia,usa,77429.0
715,25000,chevrolet,2017,white,west virginia,usa,20847.0
716,10700,chevrolet,2016,red,west virginia,usa,44280.0
717,13400,chevrolet,2016,silver,west virginia,usa,86031.0
722,9100,chevrolet,2016,blue,missouri,usa,54655.0
723,8600,chevrolet,2016,blue,missouri,usa,57825.0
724,22000,chevrolet,2016,white,oklahoma,usa,58856.0
725,8900,chevrolet,2015,white,west virginia,usa,85072.0
726,15500,chevrolet,2015,red,west virginia,usa,79506.0
727,3300,chevrolet,2015,silver,west virginia,usa,85301.0
728,29000,chevrolet,2015,brown,missouri,usa,69377.0
732,2800,chevrolet,2012,white,illinois,usa,61258.0
733,3300,chevrolet,2012,no_color,illinois,usa,131791.0
749,29800,chevrolet,2017,silver,nevada,usa,33909.0
750,29800,chevrolet,2017,white,nevada,usa,33028.0
751,27500,chevrolet,2016,white,nevada,usa,44653.0
752,10800,chevrolet,2017,gray,new jersey,usa,80516.0
753,11500,chevrolet,2017,white,new jersey,usa,105151.0
754,10400,chevrolet,2017,white,new jersey,usa,78368.0
757,8000,chevrolet,2015,white,nevada,usa,78800.0
758,3000,chevrolet,2012,white,california,usa,111856.0
759,25000,chevrolet,2015,black,nevada,usa,80946.0
760,12300,chevrolet,2017,gray,new york,usa,83168.0
761,14100,chevrolet,2017,white,new york,usa,58606.0
762,9000,chevrolet,2014,white,nevada,usa,82020.0
763,4200,chevrolet,2014,black,nevada,usa,102500.0
769,42700,chevrolet,2016,white,texas,usa,60215.0
770,21200,chevrolet,2015,white,texas,usa,125507.0
771,22700,chevrolet,2016,white,texas,usa,90944.0
772,22000,chevrolet,2015,gray,texas,usa,82785.0
773,9600,chevrolet,2014,white,texas,usa,150525.0
774,10500,chevrolet,2013,silver,texas,usa,112267.0
775,6700,chevrolet,2013,white,texas,usa,139394.0
776,14200,chevrolet,2013,black,texas,usa,82543.0
780,15700,chevrolet,2016,white,new jersey,usa,91248.0
781,17600,chevrolet,2016,white,new jersey,usa,65336.0
782,18600,chevrolet,2016,white,new jersey,usa,48974.0
783,19100,chevrolet,2016,white,new jersey,usa,40011.0
796,9200,chevrolet,2017,red,north carolina,usa,32856.0
797,8200,chevrolet,2017,black,north carolina,usa,100315.0
798,11400,chevrolet,2013,silver,new jersey,usa,91638.0
799,6500,chevrolet,2015,white,north carolina,usa,83173.0
800,11500,chevrolet,2014,gray,north carolina,usa,94356.0
801,23800,chevrolet,2015,black,florida,usa,85792.0
802,8900,chevrolet,2014,white,florida,usa,129068.0
805,3500,chevrolet,2013,gray,new jersey,usa,78198.0
810,8300,dodge,2012,gray,wisconsin,usa,99015.0
822,8600,dodge,2012,blue,washington,usa,165836.0
827,29500,dodge,2017,no_color,arizona,usa,32051.0
828,18500,dodge,2017,gray,texas,usa,14870.0
829,19000,dodge,2016,blue,colorado,usa,32294.0
830,43400,dodge,2015,white,arizona,usa,7250.0
831,46000,dodge,2015,no_color,arizona,usa,10145.0
833,13900,dodge,2017,black,florida,usa,21304.0
836,3000,dodge,2013,white,texas,usa,80099.0
838,7900,dodge,2017,gray,california,usa,84144.0
839,8900,dodge,2014,blue,florida,usa,85639.0
841,6500,dodge,2017,black,pennsylvania,usa,74392.0
842,8000,dodge,2017,black,pennsylvania,usa,76117.0
844,8350,dodge,2017,white,florida,usa,90685.0
845,27900,dodge,2017,orange,florida,usa,54141.0
846,14500,dodge,2016,white,pennsylvania,usa,82240.0
847,6200,dodge,2016,silver,pennsylvania,usa,66167.0
848,7500,dodge,2012,gray,pennsylvania,usa,144220.0
853,5800,dodge,2012,white,minnesota,usa,130120.0
856,4500,dodge,2014,gray,texas,usa,94872.0
864,6100,dodge,2015,white,minnesota,usa,70296.0
865,20000,dodge,2017,green,wisconsin,usa,11346.0
866,53000,dodge,2017,no_color,illinois,usa,7415.0
867,3000,dodge,2013,orange,minnesota,usa,107593.0
868,18200,dodge,2016,black,new jersey,usa,50639.0
870,52000,dodge,2016,blue,illinois,usa,17432.0
872,25000,dodge,2016,no_color,illinois,usa,41748.0
873,36000,dodge,2016,red,illinois,usa,13162.0
875,25300,dodge,2015,red,wisconsin,usa,23095.0
876,14900,dodge,2017,gray,wisconsin,usa,34432.0
877,15000,dodge,2017,no_color,wisconsin,usa,48162.0
878,12995,dodge,2014,gray,massachusetts,usa,68310.0
879,17750,dodge,2014,black,massachusetts,usa,48000.0
880,10295,dodge,2014,black,pennsylvania,usa,105962.0
881,16995,dodge,2014,gray,connecticut,usa,96575.0
882,25000,dodge,2014,toreador red,new york,usa,13239.0
883,23995,dodge,2014,bright white clearcoat,rhode island,usa,24934.0
884,14900,dodge,2014,billet silver metallic clearcoat,new jersey,usa,46859.0
885,15810,dodge,2014,black clearcoat,new york,usa,44468.0
886,20227,dodge,2014,jazz blue pearlcoat,new york,usa,62230.0
887,20999,dodge,2014,silver,new york,usa,37082.0
888,22499,dodge,2014,bright white clearcoat,new jersey,usa,23964.0
889,23495,dodge,2014,black clearcoat,new york,usa,11204.0
890,25250,dodge,2014,billet silver metallic clearcoat,new york,usa,7608.0
891,15322,dodge,2014,billet silver metallic clearcoat,new jersey,usa,49982.0
893,5800,dodge,2013,white,wisconsin,usa,111628.0
894,29000,dodge,2012,black,illinois,usa,15927.0
898,14800,dodge,2017,gray,florida,usa,35991.0
899,8500,dodge,2017,black,missouri,usa,62224.0
900,9800,dodge,2013,white,missouri,usa,86500.0
901,4200,dodge,2014,gray,nevada,usa,144725.0
902,2500,dodge,2013,red,tennessee,usa,163260.0
906,7100,dodge,2016,gray,louisiana,usa,55749.0
907,3250,dodge,2015,white,minnesota,usa,89142.0
908,30700,dodge,2017,no_color,california,usa,20328.0
909,3000,dodge,2012,gray,missouri,usa,149332.0
913,5100,dodge,2015,white,california,usa,88398.0
916,38800,dodge,2015,white,california,usa,26292.0
919,6500,dodge,2016,blue,new jersey,usa,72248.0
921,18000,dodge,2014,no_color,california,usa,86125.0
924,4500,dodge,2014,white,california,usa,95377.0
932,25200,dodge,2012,gray,new jersey,usa,80899.0
938,15500,dodge,2017,silver,california,usa,27761.0
939,4500,dodge,2013,white,california,usa,107768.0
942,6000,dodge,2014,silver,florida,usa,122837.0
948,15000,dodge,2016,blue,oklahoma,usa,26922.0
950,1300,dodge,2013,gray,michigan,usa,239822.0
951,1750,dodge,2014,red,nevada,usa,74975.0
954,10000,dodge,2017,silver,florida,usa,52386.0
963,6000,dodge,2014,blue,florida,usa,117258.0
968,2300,dodge,2012,white,texas,usa,123882.0
971,13700,dodge,2017,black,pennsylvania,usa,51041.0
978,9000,dodge,2017,silver,florida,usa,81992.0
980,7700,dodge,2015,white,west virginia,usa,62683.0
981,4500,dodge,2013,white,florida,usa,107224.0
982,2200,dodge,2013,gray,illinois,usa,184905.0
987,8200,dodge,2016,white,south carolina,usa,79637.0
989,8400,dodge,2016,blue,south carolina,usa,107822.0
991,7000,dodge,2015,blue,south carolina,usa,95278.0
993,8500,dodge,2014,blue,missouri,usa,69936.0
995,4900,dodge,2014,silver,south carolina,usa,96922.0
996,20800,dodge,2014,black,missouri,usa,72594.0
1006,13750,dodge,2014,white,california,usa,128556.0
1030,27800,dodge,2017,gray,georgia,usa,13627.0
1033,19200,dodge,2017,gray,michigan,usa,32593.0
1035,24900,dodge,2017,green,michigan,usa,23030.0
1037,7600,dodge,2012,white,texas,usa,79544.0
1038,18400,dodge,2017,black,michigan,usa,15027.0
1040,3900,dodge,2015,white,florida,usa,93604.0
1041,5200,dodge,2015,black,florida,usa,100203.0
1045,14500,dodge,2015,white,michigan,usa,107924.0
1050,11100,dodge,2013,black,illinois,usa,109176.0
1053,18000,dodge,2017,blue,massachusetts,usa,39792.0
1065,6200,dodge,2016,silver,alabama,usa,99988.0
1066,3700,dodge,2013,black,alabama,usa,84109.0
1067,24000,dodge,2012,white,mississippi,usa,88539.0
1068,20800,dodge,2013,gold,nevada,usa,33739.0
1069,18500,dodge,2012,white,mississippi,usa,101017.0
1072,1300,dodge,2013,white,tennessee,usa,135561.0
1074,950,dodge,2012,white,maryland,usa,145174.0
1076,800,dodge,2012,orange,north carolina,usa,217576.0
1078,1900,dodge,2012,orange,georgia,usa,157636.0
1080,900,dodge,2013,blue,connecticut,usa,139404.0
1083,5700,dodge,2016,blue,texas,usa,101906.0
1088,3600,dodge,2013,white,michigan,usa,124247.0
1090,2700,dodge,2015,white,texas,usa,67133.0
1092,9700,dodge,2015,black,texas,usa,94140.0
1096,3700,dodge,2014,white,texas,usa,98699.0
1109,34500,dodge,2017,red,north carolina,usa,40991.0
1115,17400,dodge,2017,red,illinois,usa,89795.0
1116,26000,dodge,2017,white,illinois,usa,57158.0
1117,1700,dodge,2013,orange,texas,usa,126718.0
1118,11000,dodge,2013,white,illinois,usa,83976.0
1120,5500,dodge,2015,gray,texas,usa,60707.0
1121,7500,dodge,2014,red,texas,usa,40110.0
1145,28200,dodge,2017,white,michigan,usa,27060.0
1148,17700,dodge,2016,gray,indiana,usa,22863.0
1177,42500,dodge,2015,black,texas,usa,13740.0
1182,11100,dodge,2017,gray,north carolina,usa,51469.0
1187,21800,dodge,2017,black,pennsylvania,usa,38956.0
1195,23000,dodge,2017,gray,virginia,usa,30309.0
1198,28500,ford,2017,white,texas,usa,92100.0
1199,28000,ford,2017,white,texas,usa,99375.0
1200,9000,ford,2017,gray,texas,usa,72418.0
1201,28700,ford,2015,ruby red metallic tinted clearcoat,connecticut,usa,29733.0
1202,25000,ford,2017,white,texas,usa,119439.0
1203,17347,ford,2015,black,massachusetts,usa,54396.0
1204,13800,ford,2016,white,texas,usa,91606.0
1205,25888,ford,2015,black,new jersey,usa,2807.0
1206,8500,ford,2017,black,tennessee,usa,78739.0
1207,21289,ford,2015,gray,new york,usa,71955.0
1208,17999,ford,2015,triple yellow tri-coat,new jersey,usa,48472.0
1209,2700,ford,2012,blue,texas,usa,98470.0
1210,30977,ford,2015,competition orange,pennsylvania,usa,28937.0
1211,13799,ford,2015,red,new jersey,usa,83693.0
1212,20500,ford,2014,white,arizona,usa,90888.0
1213,8500,ford,2012,white,texas,usa,216942.0
1214,9900,ford,2015,white,florida,usa,205796.0
1219,17700,ford,2017,silver,pennsylvania,usa,119520.0
1222,15200,ford,2016,white,pennsylvania,usa,69003.0
1227,4200,ford,2016,blue,pennsylvania,usa,104383.0
1230,13700,ford,2016,white,pennsylvania,usa,67150.0
1231,13200,ford,2015,white,pennsylvania,usa,100820.0
1232,6200,ford,2014,white,pennsylvania,usa,142286.0
1233,6500,ford,2015,black,pennsylvania,usa,60015.0
1234,1500,ford,2013,gray,pennsylvania,usa,126381.0
1235,2200,ford,2013,black,pennsylvania,usa,128753.0
1236,4200,ford,2013,no_color,pennsylvania,usa,0.0
1237,8700,ford,2013,white,pennsylvania,usa,64598.0
1238,3200,ford,2012,black,pennsylvania,usa,111532.0
1239,9000,ford,2012,black,pennsylvania,usa,149346.0
1241,33000,ford,2017,white,texas,usa,36004.0
1243,8750,ford,2017,white,illinois,usa,150484.0
1244,11975,ford,2012,white,texas,usa,122014.0
1246,12000,ford,2016,black,texas,usa,42902.0
1273,17000,ford,2014,red,illinois,usa,67542.0
1274,17500,ford,2017,gray,wisconsin,usa,35095.0
1276,30700,ford,2017,red,wisconsin,usa,51107.0
1278,26400,ford,2017,blue,wisconsin,usa,28252.0
1280,38000,ford,2017,white,wisconsin,usa,47866.0
1282,19300,ford,2017,gray,wisconsin,usa,42895.0
1284,13800,ford,2017,no_color,wisconsin,usa,39027.0
1287,40000,ford,2017,red,wisconsin,usa,23960.0
1291,25500,ford,2017,black,wisconsin,usa,41696.0
1293,29900,ford,2017,white,wisconsin,usa,9167.0
1295,50500,ford,2017,silver,wisconsin,usa,24686.0
1297,24500,ford,2017,white,wisconsin,usa,54601.0
1298,49000,ford,2017,black,illinois,usa,2205.0
1299,25400,ford,2017,white,wisconsin,usa,35691.0
1300,23000,ford,2017,silver,illinois,usa,32788.0
1301,6000,ford,2012,gray,minnesota,usa,180471.0
1302,22400,ford,2016,black,wisconsin,usa,42925.0
1303,22500,ford,2016,black,wisconsin,usa,37385.0
1305,36000,ford,2016,white,wisconsin,usa,20047.0
1307,30500,ford,2016,gray,wisconsin,usa,57936.0
1310,35200,ford,2016,white,wisconsin,usa,38830.0
1312,25000,ford,2016,no_color,illinois,usa,69305.0
1313,26500,ford,2016,red,wisconsin,usa,46098.0
1315,18800,ford,2016,no_color,wisconsin,usa,30765.0
1317,9000,ford,2016,no_color,new jersey,usa,40437.0
1318,16700,ford,2015,white,wisconsin,usa,69004.0
1319,16800,ford,2015,white,wisconsin,usa,65179.0
1320,15700,ford,2015,white,wisconsin,usa,75862.0
1321,16800,ford,2015,white,wisconsin,usa,68319.0
1322,19500,ford,2015,gray,wisconsin,usa,80354.0
1323,20500,ford,2015,black,wisconsin,usa,51441.0
1324,17400,ford,2015,white,wisconsin,usa,70954.0
1325,17500,ford,2014,red,wisconsin,usa,92500.0
1326,26000,ford,2014,silver,illinois,usa,66367.0
1328,5000,ford,2013,no_color,wisconsin,usa,202565.0
1330,54000,ford,2013,red,illinois,usa,703.0
1332,32500,ford,2017,white,minnesota,usa,28007.0
1344,22500,ford,2014,black,wisconsin,usa,43646.0
1345,8300,ford,2014,gray,wisconsin,usa,71989.0
1346,8300,ford,2012,white,wisconsin,usa,138328.0
1347,21000,ford,2013,brown,wisconsin,usa,95386.0
1351,26400,ford,2012,white,wisconsin,usa,151035.0
1369,55000,ford,2017,black,texas,usa,43964.0
1371,26800,ford,2015,white,new jersey,usa,108998.0
1389,24800,ford,2017,gold,california,usa,37279.0
1390,26800,ford,2017,red,california,usa,30113.0
1391,19400,ford,2017,white,california,usa,27570.0
1392,20000,ford,2017,silver,california,usa,45188.0
1393,7000,ford,2012,silver,texas,usa,149712.0
1394,25100,ford,2017,gold,california,usa,25030.0
1395,2000,ford,2013,gray,oklahoma,usa,105743.0
1398,56500,ford,2017,red,california,usa,30629.0
1399,2000,ford,2016,gray,oklahoma,usa,52883.0
1402,43500,ford,2017,black,california,usa,80699.0
1403,3500,ford,2016,white,oklahoma,usa,72851.0
1405,12800,ford,2017,orange,california,usa,38639.0
1406,15000,ford,2013,silver,texas,usa,146807.0
1407,12500,ford,2017,silver,california,usa,31871.0
1408,21500,ford,2017,gray,california,usa,76876.0
1410,27000,ford,2017,silver,california,usa,3189.0
1411,31800,ford,2017,white,florida,usa,28359.0
1412,13000,ford,2017,gray,california,usa,42890.0
1413,31800,ford,2017,silver,florida,usa,29328.0
1414,46300,ford,2016,black,california,usa,47531.0
1415,6000,ford,2015,gray,missouri,usa,57345.0
1416,22800,ford,2016,silver,california,usa,67546.0
1419,3000,ford,2012,white,missouri,usa,137171.0
1420,20000,ford,2015,gray,california,usa,63445.0
1422,4000,ford,2015,white,south carolina,usa,149319.0
1429,18500,ford,2014,white,california,usa,45887.0
1434,11000,ford,2013,white,new jersey,usa,84752.0
1440,18500,ford,2016,black,ohio,usa,75580.0
1441,1500,ford,2013,white,georgia,usa,113444.0
1444,14700,ford,2015,white,new jersey,usa,37739.0
1445,2700,ford,2013,green,michigan,usa,103541.0
1448,8900,ford,2014,red,new jersey,usa,77392.0
1452,8900,ford,2014,black,new jersey,usa,70181.0
1456,45000,ford,2017,black,louisiana,usa,57929.0
1460,5000,ford,2015,silver,louisiana,usa,136307.0
1461,8200,ford,2013,silver,new jersey,usa,105880.0
1463,4000,ford,2015,gray,louisiana,usa,102590.0
1465,29000,ford,2015,white,louisiana,usa,90855.0
1467,7805,ford,2015,gray,louisiana,usa,64495.0
1470,33000,ford,2015,blue,louisiana,usa,73849.0
1472,16900,ford,2015,black,louisiana,usa,47866.0
1490,18000,ford,2017,red,missouri,usa,31657.0
1493,2000,ford,2013,no_color,missouri,usa,175640.0
1501,3450,ford,2015,white,oregon,usa,192108.0
1504,3000,ford,2014,red,oregon,usa,141595.0
1520,16500,ford,2017,white,oregon,usa,137789.0
1522,10800,ford,2017,black,oregon,usa,81660.0
1524,25000,ford,2017,gold,oregon,usa,34165.0
1526,7800,ford,2016,black,oregon,usa,104867.0
1528,9500,ford,2016,silver,oregon,usa,69829.0
1530,14500,ford,2016,black,oregon,usa,96151.0
1532,14500,ford,2016,white,oregon,usa,116519.0
1534,12100,ford,2016,silver,oregon,usa,29367.0
1537,8700,ford,2016,gray,oregon,usa,76572.0
1540,17500,ford,2016,blue,oregon,usa,116730.0
1543,19500,ford,2016,black,oregon,usa,56995.0
1546,11000,ford,2016,black,oregon,usa,39851.0
1549,11000,ford,2015,black,oregon,usa,33717.0
1552,7300,ford,2013,white,oregon,usa,125451.0
1555,6500,ford,2014,white,oregon,usa,103862.0
1558,6000,ford,2013,white,oregon,usa,140870.0
1561,6500,ford,2013,white,oregon,usa,95655.0
1564,56500,ford,2017,gold,texas,usa,23223.0
1572,11200,ford,2015,blue,oklahoma,usa,105027.0
1574,7700,ford,2015,blue,oklahoma,usa,54198.0
1576,7200,ford,2013,black,oklahoma,usa,82670.0
1580,7500,ford,2012,black,oklahoma,usa,186713.0
1581,15500,ford,2017,white,oregon,usa,132150.0
1583,5500,ford,2015,silver,oklahoma,usa,116539.0
1586,28500,ford,2016,white,oklahoma,usa,96129.0
1589,15000,ford,2015,white,oklahoma,usa,128505.0
1590,37700,ford,2017,white,oklahoma,usa,43527.0
1593,37600,ford,2017,white,oklahoma,usa,41925.0
1595,10000,ford,2013,silver,florida,usa,119869.0
1597,5700,ford,2013,white,florida,usa,89490.0
1601,13200,ford,2013,black,florida,usa,138524.0
1603,25700,ford,2016,white,texas,usa,147935.0
1604,18900,ford,2015,charcoal,new york,usa,44456.0
1606,45500,ford,2017,black,florida,usa,66366.0
1607,11000,ford,2017,gray,pennsylvania,usa,43532.0
1608,18288,ford,2015,gray,new york,usa,45218.0
1609,20000,ford,2017,white,florida,usa,85688.0
1610,36600,ford,2016,white,pennsylvania,usa,58902.0
1611,18299,ford,2015,silver,pennsylvania,usa,59869.0
1612,10000,ford,2017,silver,colorado,usa,35021.0
1613,4100,ford,2012,silver,pennsylvania,usa,100264.0
1614,30995,ford,2015,off-white,texas,usa,157057.0
1615,1750,ford,2012,black,minnesota,usa,181316.0
1617,13500,ford,2016,white,colorado,usa,87686.0
1618,7500,ford,2014,blue,texas,usa,162918.0
1619,650,ford,2017,black,california,usa,0.0
1621,11300,ford,2016,white,colorado,usa,69402.0
1622,32700,ford,2014,white,texas,usa,76336.0
1623,1350,ford,2012,white,virginia,usa,163334.0
1625,11700,ford,2014,orange,texas,usa,135283.0
1626,6500,ford,2014,white,georgia,usa,147903.0
1627,9800,ford,2014,black,colorado,usa,74181.0
1628,11000,ford,2014,white,texas,usa,77386.0
1629,1150,ford,2014,red,georgia,usa,123349.0
1630,13000,ford,2013,white,colorado,usa,136661.0
1631,5500,ford,2013,silver,texas,usa,109600.0
1632,6000,ford,2014,black,massachusetts,usa,125369.0
1633,11200,ford,2013,blue,texas,usa,122861.0
1634,5000,ford,2016,gray,massachusetts,usa,110826.0
1648,13000,ford,2016,black,west virginia,usa,54984.0
1650,26500,ford,2014,silver,west virginia,usa,148442.0
1652,9300,ford,2013,silver,west virginia,usa,82072.0
1653,13500,ford,2012,white,west virginia,usa,104559.0
1655,7400,ford,2013,red,west virginia,usa,133314.0
1657,26000,ford,2013,white,west virginia,usa,70106.0
1659,2100,ford,2012,red,west virginia,usa,101848.0
1661,17500,ford,2015,gray,missouri,usa,59726.0
1663,22500,ford,2015,black,oklahoma,usa,28801.0
1666,7500,ford,2014,silver,missouri,usa,93832.0
1672,23500,ford,2013,brown,oklahoma,usa,74195.0
1675,20300,ford,2012,white,missouri,usa,188394.0
1699,17200,ford,2014,black,florida,usa,96076.0
1702,2800,ford,2013,gray,florida,usa,110748.0
1707,26000,ford,2017,white,texas,usa,99923.0
1710,5000,ford,2015,black,texas,usa,80612.0
1712,7500,ford,2015,white,texas,usa,92165.0
1715,6400,ford,2013,red,texas,usa,91652.0
1717,23000,ford,2013,white,texas,usa,88781.0
1719,19000,ford,2012,white,texas,usa,189776.0
1721,22000,ford,2012,white,texas,usa,151641.0
1724,13000,ford,2012,white,texas,usa,201187.0
1727,12800,ford,2017,red,wisconsin,usa,33763.0
1740,12600,ford,2017,gray,new jersey,usa,15075.0
1744,21000,ford,2017,gray,pennsylvania,usa,32747.0
1746,7700,ford,2017,black,pennsylvania,usa,85218.0
1748,9200,ford,2017,white,pennsylvania,usa,57853.0
1750,11700,ford,2016,black,pennsylvania,usa,23803.0
1752,14300,ford,2016,white,pennsylvania,usa,69428.0
1754,6200,ford,2016,gray,pennsylvania,usa,90946.0
1756,5700,ford,2016,black,pennsylvania,usa,99941.0
1758,4600,ford,2016,gray,pennsylvania,usa,141603.0
1760,10700,ford,2016,white,pennsylvania,usa,99544.0
1764,5300,ford,2013,gray,pennsylvania,usa,143191.0
1766,13000,ford,2015,gray,florida,usa,59656.0
1769,14500,ford,2014,black,florida,usa,71205.0
1772,14800,ford,2016,blue,new jersey,usa,30325.0
1774,6800,ford,2016,no_color,new jersey,usa,66655.0
1777,22500,ford,2016,silver,nevada,usa,50423.0
1779,20400,ford,2017,gray,florida,usa,59798.0
1781,12100,ford,2017,silver,new york,usa,32284.0
1782,24000,ford,2016,blue,florida,usa,40371.0
1783,9500,ford,2017,white,new york,usa,107569.0
1784,9000,ford,2017,silver,new jersey,usa,96451.0
1785,9800,ford,2017,white,new jersey,usa,94851.0
1786,7800,ford,2017,silver,connecticut,usa,108727.0
1787,17200,ford,2017,white,new york,usa,91979.0
1788,18800,ford,2017,gray,new york,usa,76258.0
1789,9800,ford,2014,white,california,usa,147574.0
1790,7000,ford,2013,gray,florida,usa,104764.0
1803,36500,ford,2016,gray,nevada,usa,53986.0
1807,4500,ford,2016,gray,mississippi,usa,98625.0
1809,8000,ford,2014,white,mississippi,usa,107173.0
1811,9400,ford,2017,no_color,south carolina,usa,43056.0
1813,2800,ford,2012,black,california,usa,173601.0
1816,5200,ford,2016,black,south carolina,usa,84338.0
1817,19200,ford,2017,gray,texas,usa,104290.0
1818,10100,ford,2017,red,texas,usa,45592.0
1819,6200,ford,2015,black,south carolina,usa,103960.0
1820,14000,ford,2016,white,texas,usa,110333.0
1821,5000,ford,2015,gray,south carolina,usa,138516.0
1822,9200,ford,2016,red,texas,usa,49094.0
1823,14700,ford,2016,black,texas,usa,97526.0
1824,3000,ford,2014,silver,south carolina,usa,87420.0
1825,30200,ford,2015,red,texas,usa,67052.0
1826,3800,ford,2013,black,south carolina,usa,58913.0
1827,3200,ford,2013,silver,south carolina,usa,999999.0
1828,21500,ford,2015,no_color,texas,usa,14482.0
1829,4900,ford,2016,white,california,usa,57084.0
1830,23000,ford,2017,silver,colorado,usa,90251.0
1831,11200,ford,2014,no_color,texas,usa,97320.0
1832,10400,ford,2014,white,california,usa,80652.0
1833,13200,ford,2014,black,texas,usa,99816.0
1834,5200,ford,2013,silver,texas,usa,115429.0
1835,10500,ford,2015,red,new jersey,usa,85549.0
1836,11900,ford,2013,white,california,usa,83030.0
1837,21200,ford,2014,white,texas,usa,130168.0
1838,23500,ford,2013,white,california,usa,80090.0
1839,4700,ford,2013,white,texas,usa,118593.0
1840,11100,ford,2014,blue,texas,usa,143704.0
1841,22000,ford,2015,white,colorado,usa,53507.0
1842,14000,ford,2013,black,colorado,usa,48408.0
1843,9200,ford,2013,white,texas,usa,109672.0
1845,21700,ford,2012,green,texas,usa,114500.0
1846,11200,ford,2012,blue,texas,usa,67140.0
1848,4200,ford,2015,color:,illinois,usa,80032.0
1851,10500,ford,2014,white,idaho,usa,119689.0
1853,12500,ford,2016,white,idaho,usa,100947.0
1856,15000,ford,2015,white,texas,usa,137004.0
1858,15500,ford,2015,white,texas,usa,131106.0
1860,29000,ford,2017,black,tennessee,usa,42291.0
1864,10000,ford,2016,white,texas,usa,16694.0
1867,20000,ford,2012,color:,california,usa,24581.0
1869,6000,ford,2012,white,virginia,usa,129873.0
1871,25000,ford,2017,red,michigan,usa,32454.0
1873,8000,ford,2014,yellow,florida,usa,231769.0
1874,19990,ford,2016,black,connecticut,usa,23796.0
1876,30999,ford,2016,shadow black,connecticut,usa,6249.0
1878,27999,ford,2016,gray,massachusetts,usa,10700.0
1880,8000,ford,2013,color:,new jersey,usa,250831.0
1881,29795,ford,2016,triple yellow tri-coat,connecticut,usa,7275.0
1883,13995,ford,2016,gray,new jersey,usa,105115.0
1884,2900,ford,2015,silver,florida,usa,57340.0
1886,24549,ford,2016,shadow black,new york,usa,44941.0
1887,8900,ford,2014,silver,florida,usa,53102.0
1889,18500,ford,2016,black,new york,usa,45814.0
1893,24970,ford,2016,green,new york,usa,49882.0
1895,2580,ford,2012,white,florida,usa,102705.0
1897,2500,ford,2012,white,indiana,usa,98620.0
1898,28990,ford,2016,triple yellow tri-coat,massachusetts,usa,15825.0
1900,33800,ford,2014,white,kentucky,usa,100255.0
1902,2500,ford,2013,gray,minnesota,usa,167552.0
1903,46999,ford,2016,magnetic metallic,new jersey,usa,16956.0
1905,34700,ford,2013,white,kentucky,usa,77281.0
1907,30800,ford,2016,ruby red metallic tinted clearcoat,new jersey,usa,16771.0
1909,13388,ford,2012,black,louisiana,usa,113821.0
1911,17900,ford,2016,shadow black,massachusetts,usa,27940.0
1913,29800,ford,2016,blue,illinois,usa,18367.0
1915,1725,ford,2012,black,illinois,usa,158781.0
1916,33995,ford,2016,black,new jersey,usa,27369.0
1919,2500,ford,2016,blue,mississippi,usa,64999.0
1923,800,ford,2012,black,mississippi,usa,129659.0
1925,11200,ford,2016,gray,new york,usa,109996.0
1928,7300,ford,2016,black,connecticut,usa,110253.0
1932,29000,ford,2017,red,massachusetts,usa,48309.0
1933,17300,ford,2016,black,new york,usa,68666.0
1936,37200,ford,2017,black,massachusetts,usa,44956.0
1937,8600,ford,2016,silver,new jersey,usa,72607.0
1941,10800,ford,2016,blue,new york,usa,26654.0
1945,13800,ford,2016,gray,new jersey,usa,40774.0
1948,8700,ford,2016,black,massachusetts,usa,30735.0
1953,19500,ford,2016,black,massachusetts,usa,41233.0
1958,24300,ford,2017,silver,mississippi,usa,31017.0
1963,26400,ford,2017,white,mississippi,usa,51309.0
1968,29000,ford,2017,blue,alabama,usa,29320.0
1972,46200,ford,2017,no_color,alabama,usa,94741.0
1974,2825,ford,2014,white,montana,usa,363810.0
1976,6600,ford,2014,orange,new jersey,usa,80423.0
1977,50200,ford,2017,white,alabama,usa,92405.0
1979,12000,ford,2017,white,california,usa,104665.0
1981,12600,ford,2014,black,new jersey,usa,48188.0
1982,5200,ford,2017,red,alabama,usa,65164.0
1984,1200,ford,2012,red,virginia,usa,167376.0
1987,33100,ford,2017,red,mississippi,usa,103002.0
1989,18799,ford,2015,red,connecticut,usa,137728.0
1992,26100,ford,2017,white,mississippi,usa,58118.0
1994,25998,ford,2015,color:,new york,usa,25734.0
1997,15400,ford,2013,silver,connecticut,usa,123983.0
1999,25995,ford,2015,white,new hampshire,usa,39509.0
2001,23985,ford,2015,white,new jersey,usa,51884.0
2003,13995,ford,2015,oxford white,new york,usa,56703.0
2005,12995,ford,2015,blue,new jersey,usa,102800.0
2007,25200,ford,2016,white,alabama,usa,100943.0
2008,29590,ford,2015,green,new york,usa,3915.0
2010,13942,ford,2015,magnetic metallic,new jersey,usa,62542.0
2013,32700,ford,2016,silver,alabama,usa,61477.0
2014,13995,ford,2015,silver,new york,usa,73891.0
2015,1850,ford,2014,black,michigan,usa,168805.0
2016,15800,ford,2012,gold,florida,usa,82564.0
2017,36000,ford,2016,black,mississippi,usa,85649.0
2018,15495,ford,2015,white,new york,usa,48374.0
2019,21500,ford,2012,red,florida,usa,11990.0
2020,7200,ford,2016,black,alabama,usa,64111.0
2021,17589,ford,2015,red,new jersey,usa,28771.0
2022,31700,ford,2015,white,alabama,usa,126708.0
2023,31790,ford,2015,orange,new york,usa,27165.0
2024,18100,ford,2015,white,mississippi,usa,106546.0
2025,14495,ford,2015,white,new jersey,usa,54778.0
2027,26400,ford,2015,black,mississippi,usa,85197.0
2028,27990,ford,2015,red,massachusetts,usa,19130.0
2029,19700,ford,2015,white,mississippi,usa,72369.0
2030,15300,ford,2015,silver,massachusetts,usa,59646.0
2031,22000,ford,2014,black,mississippi,usa,68418.0
2032,23999,ford,2015,black,new jersey,usa,8400.0
2033,16488,ford,2015,gray,new york,usa,45084.0
2034,12784,ford,2015,gray,new jersey,usa,67037.0
2035,23400,ford,2015,black,new jersey,usa,64135.0
2036,9705,ford,2017,black,arkansas,usa,72377.0
2037,25999,ford,2015,oxford white,new jersey,usa,39367.0
2038,34977,ford,2015,black,pennsylvania,usa,46540.0
2039,19000,ford,2015,ingot silver metallic,new jersey,usa,40677.0
2040,15995,ford,2015,black,new york,usa,69438.0
2041,13487,ford,2015,gray,new york,usa,96246.0
2042,18707,ford,2015,white,connecticut,usa,69719.0
2043,15290,ford,2015,white platinum tri-coat metallic,new york,usa,75933.0
2044,15600,ford,2015,black,new york,usa,54325.0
2046,16080,ford,2015,blue,connecticut,usa,31793.0
2048,15268,ford,2015,black,new york,usa,74361.0
2050,18497,ford,2015,black,massachusetts,usa,34011.0
2052,19995,ford,2015,red,pennsylvania,usa,48115.0
2054,17150,ford,2015,black,new jersey,usa,67091.0
2056,14295,ford,2015,guard,new jersey,usa,59391.0
2058,16190,ford,2015,magnetic metallic,new york,usa,71824.0
2060,17899,ford,2015,magnetic metallic,new york,usa,39159.0
2062,14000,ford,2015,magnetic metallic,new jersey,usa,79430.0
2064,16888,ford,2015,black,new york,usa,56329.0
2066,8305,ford,2014,blue,arkansas,usa,63291.0
2067,21822,ford,2015,white platinum tri-coat metallic,new jersey,usa,36041.0
2069,12500,ford,2015,blue,arkansas,usa,130388.0
2070,15995,ford,2015,blue,new york,usa,23878.0
2073,12995,ford,2015,black,new york,usa,65342.0
2074,14488,ford,2015,tuxedo black metallic,massachusetts,usa,64061.0
2075,17500,ford,2016,white,florida,usa,93164.0
2076,21995,ford,2015,blue,massachusetts,usa,35629.0
2077,8500,ford,2015,white,florida,usa,118483.0
2078,16593,ford,2015,tuxedo black metallic,massachusetts,usa,71573.0
2079,13000,ford,2017,black,illinois,usa,33660.0
2080,14247,ford,2015,blue,pennsylvania,usa,61168.0
2081,23500,ford,2017,gray,illinois,usa,42241.0
2082,16999,ford,2015,oxford white,pennsylvania,usa,21004.0
2083,25000,ford,2017,red,illinois,usa,45003.0
2084,20159,ford,2015,oxford white,new jersey,usa,45278.0
2085,31000,ford,2017,black,illinois,usa,1.0
2087,29500,ford,2017,black,illinois,usa,48707.0
2089,24000,ford,2017,black,illinois,usa,50874.0
2090,20500,ford,2017,black,illinois,usa,70727.0
2093,24500,ford,2017,white,illinois,usa,52084.0
2095,28000,ford,2017,white,illinois,usa,40286.0
2096,27000,ford,2017,black,illinois,usa,55420.0
2098,42500,ford,2017,white,illinois,usa,85278.0
2103,26500,ford,2016,white,illinois,usa,34679.0
2106,22500,ford,2016,black,illinois,usa,67979.0
2108,825,ford,2012,white,pennsylvania,usa,78072.0
2109,10500,ford,2016,red,illinois,usa,54251.0
2111,27700,ford,2015,white,texas,usa,92358.0
2112,4000,ford,2015,red,illinois,usa,90740.0
2114,26200,ford,2015,white,texas,usa,129063.0
2116,11700,ford,2015,black,illinois,usa,52340.0
2119,21500,ford,2015,black,illinois,usa,41293.0
2122,12000,ford,2017,blue,missouri,usa,13328.0
2124,11300,ford,2016,orange,missouri,usa,48080.0
2126,16100,ford,2014,white,missouri,usa,97318.0
2133,12000,ford,2017,gray,texas,usa,73846.0
2136,25000,ford,2017,red,texas,usa,159182.0
2139,34000,ford,2016,white,texas,usa,131754.0
2143,4000,ford,2015,gray,texas,usa,112810.0
2145,29000,ford,2015,white,texas,usa,109137.0
2148,9000,ford,2014,gray,texas,usa,118340.0
2156,7000,ford,2017,black,north carolina,usa,57889.0
2244,20000,nissan,2017,white,texas,usa,83437.0
2248,13400,nissan,2017,silver,wisconsin,usa,45826.0
2249,12500,nissan,2017,white,wisconsin,usa,36844.0
2250,6500,nissan,2013,gray,illinois,usa,104343.0
2257,10800,nissan,2017,blue,florida,usa,41729.0
2258,22300,nissan,2017,white,texas,usa,17195.0
2263,6700,nissan,2017,white,california,usa,62280.0
2264,7500,nissan,2017,gray,connecticut,usa,74859.0
2265,10500,nissan,2017,black,connecticut,usa,59508.0
2266,8400,nissan,2017,white,connecticut,usa,58529.0
2267,7000,nissan,2015,black,florida,usa,24396.0
2269,4100,nissan,2017,black,florida,usa,37619.0
2271,1900,nissan,2015,black,florida,usa,91898.0
2272,14700,nissan,2017,white,connecticut,usa,31198.0
2273,1900,nissan,2013,blue,ohio,usa,144015.0
2274,18800,nissan,2017,white,missouri,usa,15621.0
2276,13500,nissan,2016,red,louisiana,usa,53011.0
2278,3300,nissan,2013,gray,louisiana,usa,100225.0
2279,7200,nissan,2017,silver,connecticut,usa,54117.0
2280,8000,nissan,2017,gray,california,usa,54119.0
2281,1280,nissan,2012,black,indiana,usa,162176.0
2283,3500,nissan,2015,gray,california,usa,101178.0
2284,600,nissan,2012,silver,kansas,usa,206142.0
2286,5800,nissan,2013,gray,texas,usa,105590.0
2288,2200,nissan,2015,tan,texas,usa,73382.0
2290,7500,nissan,2016,blue,missouri,usa,77504.0
2292,3500,nissan,2012,silver,missouri,usa,107734.0
2294,2000,nissan,2012,burgundy,oklahoma,usa,159990.0
2304,6998,nissan,2015,super black,vermont,usa,43651.0
2307,7500,nissan,2016,black,texas,usa,58126.0
2308,7998,nissan,2015,cayenne red,vermont,usa,62921.0
2309,10999,nissan,2015,super black,massachusetts,usa,43279.0
2310,2900,nissan,2012,gray,north carolina,usa,117844.0
2311,8495,nissan,2015,morningsky blue,new hampshire,usa,45043.0
2312,19925,nissan,2016,gray,alabama,usa,42837.0
2314,12750,nissan,2015,pearl white,massachusetts,usa,24629.0
2315,22800,nissan,2015,blue,alabama,usa,35902.0
2316,11621,nissan,2015,glacier white,rhode island,usa,12840.0
2317,11590,nissan,2015,cayenne red,new hampshire,usa,63933.0
2318,4700,nissan,2012,black,alabama,usa,100079.0
2319,11390,nissan,2015,super black,new york,usa,37953.0
2320,14500,nissan,2017,blue,tennessee,usa,8677.0
2323,7500,nissan,2016,black,georgia,usa,19723.0
2329,6700,nissan,2012,black,georgia,usa,92982.0
2334,12900,nissan,2016,red,new jersey,usa,98354.0
2373,15000,nissan,2017,red,virginia,usa,28918.0
2375,36300,nissan,2017,white,virginia,usa,16224.0
2377,14000,nissan,2017,green,virginia,usa,27790.0
2379,12600,nissan,2017,gray,tennessee,usa,11837.0
2381,12700,nissan,2017,black,tennessee,usa,17738.0
2387,14600,nissan,2016,gray,virginia,usa,31566.0
2390,12500,nissan,2017,blue,pennsylvania,usa,48765.0
2392,11800,nissan,2017,red,pennsylvania,usa,60158.0
2407,3500,nissan,2016,blue,pennsylvania,usa,115716.0
2409,14100,nissan,2016,silver,pennsylvania,usa,22041.0
2410,2425,nissan,2012,black,tennessee,usa,161836.0
2411,925,nissan,2012,silver,tennessee,usa,83720.0
2412,11000,nissan,2016,black,pennsylvania,usa,37605.0
2413,11000,nissan,2016,green,pennsylvania,usa,63738.0
2414,2100,nissan,2013,silver,tennessee,usa,155704.0
2415,800,nissan,2012,black,florida,usa,234792.0
2417,375,nissan,2017,red,north carolina,usa,1.0
2418,3000,nissan,2015,beige,pennsylvania,usa,132655.0
2419,15100,nissan,2017,gray,south carolina,usa,28079.0
2420,4000,nissan,2015,silver,north carolina,usa,74906.0
2421,19500,nissan,2017,gray,south carolina,usa,53155.0
2422,22600,nissan,2017,gray,south carolina,usa,94258.0
2423,6500,nissan,2014,white,pennsylvania,usa,65620.0
2424,11800,nissan,2012,gray,pennsylvania,usa,92878.0
2425,20500,nissan,2017,white,missouri,usa,25918.0
2429,4800,nissan,2016,gray,texas,usa,76789.0
2434,3000,nissan,2015,gray,south carolina,usa,99767.0
2437,18000,nissan,2017,black,ohio,usa,53376.0
2438,22700,nissan,2016,white,ohio,usa,21282.0
2439,3800,nissan,2015,blue,texas,usa,81699.0
2443,3500,nissan,2017,gray,illinois,usa,127780.0
2444,15200,nissan,2016,orange,illinois,usa,59640.0
2445,1950,nissan,2015,blue,california,usa,83975.0
2446,13400,nissan,2016,black,illinois,usa,46178.0
2453,1500,nissan,2013,black,maryland,usa,98384.0
2470,3700,nissan,2015,silver,illinois,usa,75858.0
